{
	"/": [
		"src/routes/+layout.ts"
	],
	"/blog": [
		"src/routes/blog/+page.server.ts",
		"src/routes/+layout.ts",
		"src/routes/+layout.ts"
	],
	"/blog/[post=blog]": [
		"src/routes/blog/[post=blog]/+page.ts",
		"src/routes/blog/[post=blog]/+page.server.ts",
		"src/routes/+layout.ts"
	],
	"/[[language=lang]]/contact": [
		"src/routes/[[language=lang]]/+layout.ts",
		"src/routes/+layout.ts"
	],
	"/[[language=lang]]/projects": [
		"src/routes/[[language=lang]]/+layout.ts",
		"src/routes/+layout.ts"
	],
	"/[[language=lang]]": [
		"src/routes/[[language=lang]]/+page.server.ts",
		"src/routes/[[language=lang]]/+layout.ts",
		"src/routes/+layout.ts",
		"src/routes/[[language=lang]]/+layout.ts",
		"src/routes/+layout.ts"
	]
}